Data,Normalized Data
20.0,0.0
75.0,1.0
34.0,0.2545454545454545
55.0,0.6363636363636364
63.0,0.7818181818181819
