Data,Normalized Data
20.0,-1.4799491008719525
75.0,1.2886631626640133
34.0,-0.7752114337900703
55.0,0.28189506683275295
63.0,0.684602305165257
